{
  "variant": "soft-causal",
  "nu": 0.003183098861837907,
  "hard": false,
  "causal": true,
  "fourier": false,
  "rel_l2": 0.013400174045862833,
  "max_abs_error": 0.1546785588401094,
  "slice_errors": {
    "t_0.00": 0.011498996383602083,
    "t_0.25": 0.012532159276861318,
    "t_0.50": 0.016371715125012863,
    "t_0.75": 0.01572659828628174,
    "t_1.00": 0.011433997207697867
  },
  "growth_ratio": 0.99434740435337
}