{
  "variant": "soft-causal",
  "problem": "B_unsteady",
  "rel_l2": 0.11754584749627899,
  "max_abs_error": 0.1409085861832265,
  "slice_errors": {
    "t_0.000": 0.0024165076727681936,
    "t_0.020": 0.03457381160674098,
    "t_0.050": 0.21661349916750827,
    "t_0.100": 0.8878251702292224
  },
  "growth_ratio": 367.4001038220531
}