{
  "variant": "hard-std-ff",
  "problem": "B_unsteady",
  "rel_l2": 0.0016952603118686091,
  "max_abs_error": 0.0022813699970929413,
  "slice_errors": {
    "t_0.000": 1.5255493646555912e-07,
    "t_0.020": 0.0026373910743586475,
    "t_0.050": 0.0028886211478956797,
    "t_0.100": 0.004047572694660329
  },
  "growth_ratio": 26531.72854780453
}