{
  "variant": "hard-uniform",
  "nu": 0.003183098861837907,
  "hard": true,
  "causal": false,
  "fourier": false,
  "rel_l2": 0.007494987324162112,
  "max_abs_error": 0.1005451157884995,
  "slice_errors": {
    "t_0.00": 1.3993029612947024e-05,
    "t_0.25": 0.0016325297498939856,
    "t_0.50": 0.011884310673985127,
    "t_0.75": 0.010168650820948564,
    "t_1.00": 0.009790581483483883
  },
  "growth_ratio": 699.675556660697
}