{
  "variant": "hard-uniform-ff",
  "nu": 0.003183098861837907,
  "hard": true,
  "causal": false,
  "fourier": true,
  "rel_l2": 0.007009887447433668,
  "max_abs_error": 0.06456726513823269,
  "slice_errors": {
    "t_0.00": 1.3993029612947024e-05,
    "t_0.25": 0.00020441311581069707,
    "t_0.50": 0.010607763211232956,
    "t_0.75": 0.010074316020602598,
    "t_1.00": 0.008396298791906414
  },
  "growth_ratio": 600.034333101348
}