{
  "variant": "soft-causal-ff",
  "problem": "B_unsteady",
  "rel_l2": 0.10261340550877486,
  "max_abs_error": 0.15289513667589028,
  "slice_errors": {
    "t_0.000": 0.0014823557143582864,
    "t_0.020": 0.01734729050264058,
    "t_0.050": 0.14926705843888385,
    "t_0.100": 0.8439039455425763
  },
  "growth_ratio": 569.2992152957053
}