{
  "variant": "soft-uniform",
  "nu": 0.003183098861837907,
  "hard": false,
  "causal": false,
  "fourier": false,
  "rel_l2": 0.009343175815612333,
  "max_abs_error": 0.13534158192596124,
  "slice_errors": {
    "t_0.00": 0.0019362043854265413,
    "t_0.25": 0.0036257484014606753,
    "t_0.50": 0.014747199403654246,
    "t_0.75": 0.011811480769742888,
    "t_1.00": 0.012609888920655121
  },
  "growth_ratio": 6.512684822457164
}