{
  "variant": "hard-causal",
  "problem": "B_unsteady",
  "rel_l2": 0.0005552211096795825,
  "max_abs_error": 0.0011638112452409567,
  "slice_errors": {
    "t_0.000": 1.5255493646555912e-07,
    "t_0.020": 0.0001249436263967435,
    "t_0.050": 0.0002875328459544648,
    "t_0.100": 0.004979375476983221
  },
  "growth_ratio": 32639.6703553215
}