{
  "variant": "soft-causal-ff",
  "nu": 0.003183098861837907,
  "hard": false,
  "causal": true,
  "fourier": true,
  "rel_l2": 0.008142747464489229,
  "max_abs_error": 0.09673539069311532,
  "slice_errors": {
    "t_0.00": 0.001977392701563024,
    "t_0.25": 0.0013843249651621294,
    "t_0.50": 0.011364232295606574,
    "t_0.75": 0.012092461685277129,
    "t_1.00": 0.01137036152986906
  },
  "growth_ratio": 5.750178765771318
}