{
  "variant": "hard-std",
  "problem": "B_unsteady",
  "rel_l2": 0.0005036099240055234,
  "max_abs_error": 0.0007351898369886145,
  "slice_errors": {
    "t_0.000": 1.5255493646555912e-07,
    "t_0.020": 0.000813889939360476,
    "t_0.050": 0.0008208832962744189,
    "t_0.100": 0.000867863147133516
  },
  "growth_ratio": 5688.819243880712
}