{
  "variant": "soft-uniform-ff",
  "nu": 0.003183098861837907,
  "hard": false,
  "causal": false,
  "fourier": true,
  "rel_l2": 0.00702434465927116,
  "max_abs_error": 0.065596136123108,
  "slice_errors": {
    "t_0.00": 0.0002503143228732771,
    "t_0.25": 0.0002906917560575688,
    "t_0.50": 0.010599622552717243,
    "t_0.75": 0.010187261840579102,
    "t_1.00": 0.00840680790324412
  },
  "growth_ratio": 33.585005337130085
}