{
  "variant": "best-nu-low",
  "nu": 0.0003183098861837907,
  "hard": true,
  "causal": true,
  "fourier": false,
  "rel_l2": 0.5742949901330053,
  "max_abs_error": 1.8290156555127544,
  "slice_errors": {
    "t_0.00": 1.3993029612947024e-05,
    "t_0.25": 0.01409859307575003,
    "t_0.50": 0.18197486525394774,
    "t_0.75": 0.761936887194298,
    "t_1.00": 2.0815433906878136
  },
  "growth_ratio": 148755.72335001323
}