{
  "variant": "best-nu-high",
  "nu": 0.03183098861837907,
  "hard": true,
  "causal": true,
  "fourier": false,
  "rel_l2": 0.00027535684501270595,
  "max_abs_error": 0.0006946371244489491,
  "slice_errors": {
    "t_0.00": 1.3993029612947024e-05,
    "t_0.25": 0.00011013217157593688,
    "t_0.50": 0.00035055773528750106,
    "t_0.75": 0.0004421798654367235,
    "t_1.00": 0.0004160543069653905
  },
  "growth_ratio": 29.732966251101967
}