{
  "variant": "hard-causal",
  "nu": 0.003183098861837907,
  "hard": true,
  "causal": true,
  "fourier": false,
  "rel_l2": 0.00743544260395896,
  "max_abs_error": 0.0861825412170793,
  "slice_errors": {
    "t_0.00": 1.3993029612947024e-05,
    "t_0.25": 0.000907952306201265,
    "t_0.50": 0.010731622132884156,
    "t_0.75": 0.01075263641272765,
    "t_1.00": 0.009730688687798757
  },
  "growth_ratio": 695.3953690914859
}