{
  "variant": "hard-causal-ff",
  "nu": 0.003183098861837907,
  "hard": true,
  "causal": true,
  "fourier": true,
  "rel_l2": 0.0070616782501081955,
  "max_abs_error": 0.06438570939024685,
  "slice_errors": {
    "t_0.00": 1.3993029612947024e-05,
    "t_0.25": 0.00021576302644771931,
    "t_0.50": 0.010643668482083831,
    "t_0.75": 0.010264272314645205,
    "t_1.00": 0.008195676703086508
  },
  "growth_ratio": 585.6970466071499
}