{
  "variant": "soft-std",
  "problem": "B_unsteady",
  "rel_l2": 0.002355873189280996,
  "max_abs_error": 0.005086958408355713,
  "slice_errors": {
    "t_0.000": 0.0015131197297509958,
    "t_0.020": 0.002107036275320157,
    "t_0.050": 0.0030099798800813948,
    "t_0.100": 0.013243486449175378
  },
  "growth_ratio": 8.752437880512161
}