{
  "variant": "hard-causal-ff",
  "problem": "B_unsteady",
  "rel_l2": 0.8928892366593558,
  "max_abs_error": 0.9544700331216585,
  "slice_errors": {
    "t_0.000": 1.5255493646555912e-07,
    "t_0.020": 0.09526124009180172,
    "t_0.050": 0.9227151592043225,
    "t_0.100": 7.763338573567307
  },
  "growth_ratio": 50888472.47396334
}