{
  "variant": "soft-std-ff",
  "problem": "B_unsteady",
  "rel_l2": 0.0028847793769663822,
  "max_abs_error": 0.007822096347808834,
  "slice_errors": {
    "t_0.000": 0.0021371630210054245,
    "t_0.020": 0.0026432016180130188,
    "t_0.050": 0.002546072193244402,
    "t_0.100": 0.015733944014318043
  },
  "growth_ratio": 7.362070114592366
}